player_name,team,age,position,overall_rating,goals_last_season,assists_last_season,minutes_played,international_caps,market_value_euro_million
ARG_Player_1,Argentina,28,FWD,84,10,3,2082,45,496.98
ARG_Player_2,Argentina,27,FWD,87,0,2,1937,38,1162.72
ARG_Player_3,Argentina,27,FWD,79,4,1,2357,29,193.46
ARG_Player_4,Argentina,23,MID,79,0,5,2261,17,260.47
ARG_Player_5,Argentina,24,MID,83,4,4,2673,9,535.57
ARG_Player_6,Argentina,24,MID,84,1,7,3589,26,734.5
ARG_Player_7,Argentina,31,MID,85,0,1,2640,72,425.41
ARG_Player_8,Argentina,22,MID,80,7,3,1634,6,288.52
ARG_Player_9,Argentina,27,DEF,86,1,0,2643,39,997.63
ARG_Player_10,Argentina,20,DEF,87,0,0,2617,0,1730.45
ARG_Player_11,Argentina,27,DEF,82,1,1,2162,38,466.63
ARG_Player_12,Argentina,39,DEF,82,0,0,1490,78,40.73
ARG_Player_13,Argentina,30,DEF,86,0,2,2209,32,673.41
ARG_Player_14,Argentina,25,GK,83,0,0,2450,14,739.41
ARG_Player_15,Argentina,30,GK,85,0,0,2357,29,694.21
FRA_Player_1,France,31,FWD,84,4,3,2016,71,401.01
FRA_Player_2,France,27,FWD,85,8,1,1989,14,712.27
FRA_Player_3,France,28,FWD,84,8,2,2901,28,717.61
FRA_Player_4,France,19,MID,84,0,6,2103,0,795.18
FRA_Player_5,France,27,MID,84,1,7,1615,48,737.06
FRA_Player_6,France,29,MID,82,4,7,1704,34,345.68
FRA_Player_7,France,24,MID,84,0,5,1948,21,707.43
FRA_Player_8,France,22,MID,85,1,19,1808,10,855.01
FRA_Player_9,France,25,DEF,86,0,1,1584,30,1128.93
FRA_Player_10,France,27,DEF,86,0,2,2325,25,1225.47
FRA_Player_11,France,27,DEF,82,2,1,2316,19,338.35
FRA_Player_12,France,27,DEF,82,0,1,1604,14,453.31
FRA_Player_13,France,28,DEF,82,1,2,2593,29,434.11
FRA_Player_14,France,29,GK,89,0,0,1755,22,1617.7
FRA_Player_15,France,23,GK,84,0,0,2370,19,836.0
SPA_Player_1,Spain,26,FWD,87,8,5,1771,29,1330.24
SPA_Player_2,Spain,26,FWD,83,33,3,2570,17,688.83
SPA_Player_3,Spain,23,FWD,80,4,4,1577,18,371.4
SPA_Player_4,Spain,28,MID,88,3,32,2728,19,1298.09
SPA_Player_5,Spain,26,MID,86,1,2,2733,33,1301.53
SPA_Player_6,Spain,27,MID,84,2,4,2865,45,746.85
SPA_Player_7,Spain,30,MID,84,1,0,2288,36,491.52
SPA_Player_8,Spain,26,MID,82,1,6,1753,28,374.5
SPA_Player_9,Spain,25,DEF,88,0,0,2264,15,1637.46
SPA_Player_10,Spain,35,DEF,88,1,7,2724,77,401.65
SPA_Player_11,Spain,24,DEF,83,0,6,1365,9,715.75
SPA_Player_12,Spain,23,DEF,88,0,0,2672,8,2034.55
SPA_Player_13,Spain,31,DEF,85,0,0,3025,55,490.04
SPA_Player_14,Spain,25,GK,88,0,0,1552,12,1988.57
SPA_Player_15,Spain,26,GK,79,0,0,1549,30,243.58
ENG_Player_1,England,26,FWD,82,8,4,2654,30,398.92
ENG_Player_2,England,27,FWD,82,10,4,2531,14,402.17
ENG_Player_3,England,24,FWD,89,34,4,2145,18,2919.16
ENG_Player_4,England,27,MID,82,1,13,1905,16,340.72
ENG_Player_5,England,29,MID,84,8,9,1853,46,605.71
ENG_Player_6,England,23,MID,82,6,32,2838,17,483.67
ENG_Player_7,England,24,MID,85,2,9,2098,25,1101.82
ENG_Player_8,England,31,MID,83,9,3,2362,39,263.9
ENG_Player_9,England,26,DEF,84,0,0,2497,30,680.7
ENG_Player_10,England,30,DEF,85,1,0,2237,59,598.66
ENG_Player_11,England,23,DEF,86,0,0,2126,11,1390.61
ENG_Player_12,England,23,DEF,84,1,0,1964,7,896.59
ENG_Player_13,England,27,DEF,80,2,8,1496,42,292.55
ENG_Player_14,England,23,GK,83,0,0,2628,17,645.7
ENG_Player_15,England,25,GK,83,0,0,1698,10,623.05
BRA_Player_1,Brazil,27,FWD,81,10,3,2400,40,305.75
BRA_Player_2,Brazil,25,FWD,84,0,4,2691,34,950.96
BRA_Player_3,Brazil,26,FWD,81,8,6,2679,41,359.6
BRA_Player_4,Brazil,31,MID,88,0,2,2144,71,1224.46
BRA_Player_5,Brazil,30,MID,79,2,3,2592,29,155.76
BRA_Player_6,Brazil,19,MID,84,4,1,2570,0,924.89
BRA_Player_7,Brazil,32,MID,85,0,0,2133,75,418.26
BRA_Player_8,Brazil,27,MID,80,14,12,973,27,301.58
BRA_Player_9,Brazil,23,DEF,83,1,16,2172,18,756.3
BRA_Player_10,Brazil,32,DEF,84,1,0,1515,80,342.59
BRA_Player_11,Brazil,28,DEF,86,0,2,2970,30,964.56
BRA_Player_12,Brazil,26,DEF,87,0,1,1689,37,1677.78
BRA_Player_13,Brazil,25,DEF,87,0,0,2638,15,1490.17
BRA_Player_14,Brazil,19,GK,87,0,0,2300,0,1841.11
BRA_Player_15,Brazil,18,GK,82,0,0,2867,0,573.83
BEL_Player_1,Belgium,26,FWD,85,7,3,2401,19,856.98
BEL_Player_2,Belgium,21,FWD,84,1,4,1730,2,693.25
BEL_Player_3,Belgium,29,FWD,82,13,3,1962,39,278.22
BEL_Player_4,Belgium,24,MID,81,0,0,1923,11,391.86
BEL_Player_5,Belgium,21,MID,88,6,6,2217,2,1661.46
BEL_Player_6,Belgium,26,MID,82,5,1,2062,36,407.49
BEL_Player_7,Belgium,18,MID,79,5,0,2883,0,226.31
BEL_Player_8,Belgium,28,MID,84,3,0,1396,36,590.99
BEL_Player_9,Belgium,27,DEF,81,0,0,1488,14,311.34
BEL_Player_10,Belgium,32,DEF,85,0,0,2961,71,446.53
BEL_Player_11,Belgium,28,DEF,80,0,2,2104,27,247.14
BEL_Player_12,Belgium,21,DEF,84,0,0,1903,2,686.52
BEL_Player_13,Belgium,23,DEF,83,4,0,1784,12,605.18
BEL_Player_14,Belgium,24,GK,85,0,0,2249,11,1067.46
BEL_Player_15,Belgium,29,GK,79,0,0,2471,52,149.43
POR_Player_1,Portugal,23,FWD,78,3,4,1747,13,182.66
POR_Player_2,Portugal,22,FWD,83,9,3,1996,8,538.69
POR_Player_3,Portugal,30,FWD,81,13,5,2920,32,236.15
POR_Player_4,Portugal,19,MID,80,7,23,2284,0,268.7
POR_Player_5,Portugal,26,MID,84,0,11,2990,37,643.56
POR_Player_6,Portugal,25,MID,82,4,5,2064,30,472.89
POR_Player_7,Portugal,30,MID,82,2,2,2850,38,330.5
POR_Player_8,Portugal,20,MID,83,1,5,1757,0,733.54
POR_Player_9,Portugal,27,DEF,83,0,3,2484,25,555.46
POR_Player_10,Portugal,30,DEF,83,0,0,2954,59,340.49
POR_Player_11,Portugal,28,DEF,82,0,3,2614,48,324.15
POR_Player_12,Portugal,31,DEF,81,0,2,2892,30,225.24
POR_Player_13,Portugal,30,DEF,78,0,4,2340,37,123.71
POR_Player_14,Portugal,23,GK,77,0,0,2290,20,136.51
POR_Player_15,Portugal,36,GK,82,0,0,2223,101,70.54
NET_Player_1,Netherlands,33,FWD,84,14,4,1630,85,298.16
NET_Player_2,Netherlands,32,FWD,81,31,2,2137,80,209.14
NET_Player_3,Netherlands,36,FWD,84,0,6,1908,63,76.43
NET_Player_4,Netherlands,22,MID,78,10,2,2032,9,187.31
NET_Player_5,Netherlands,32,MID,82,0,4,1448,32,213.37
NET_Player_6,Netherlands,25,MID,84,4,0,2065,24,846.29
NET_Player_7,Netherlands,22,MID,89,5,1,2229,4,2911.83
NET_Player_8,Netherlands,24,MID,81,2,5,2072,8,328.95
NET_Player_9,Netherlands,32,DEF,76,0,0,2745,48,48.35
NET_Player_10,Netherlands,21,DEF,80,0,0,2667,5,272.73
NET_Player_11,Netherlands,31,DEF,84,0,3,1635,23,359.94
NET_Player_12,Netherlands,21,DEF,84,0,2,2019,2,907.34
NET_Player_13,Netherlands,30,DEF,80,2,0,2507,34,158.28
NET_Player_14,Netherlands,27,GK,79,0,0,1938,28,244.14
NET_Player_15,Netherlands,30,GK,80,0,0,1495,49,172.13
ITA_Player_1,Italy,21,FWD,86,6,4,2151,4,1391.67
ITA_Player_2,Italy,30,FWD,82,6,8,2536,59,271.59
ITA_Player_3,Italy,27,FWD,82,8,2,1810,48,339.89
ITA_Player_4,Italy,20,MID,83,4,12,3010,0,556.86
ITA_Player_5,Italy,32,MID,79,2,3,2455,78,111.36
ITA_Player_6,Italy,25,MID,82,1,3,2870,25,458.83
ITA_Player_7,Italy,23,MID,83,4,19,1323,13,689.65
ITA_Player_8,Italy,28,MID,78,2,6,2023,18,141.59
ITA_Player_9,Italy,27,DEF,82,1,1,2032,31,378.29
ITA_Player_10,Italy,28,DEF,83,0,1,1540,43,452.86
ITA_Player_11,Italy,25,DEF,85,1,2,2259,28,1076.91
ITA_Player_12,Italy,24,DEF,84,0,8,2609,17,935.42
ITA_Player_13,Italy,27,DEF,83,2,1,2093,47,606.76
ITA_Player_14,Italy,24,GK,84,0,0,1497,24,647.22
ITA_Player_15,Italy,28,GK,79,0,0,2838,44,157.71
COL_Player_1,Colombia,28,FWD,77,4,5,2341,47,126.03
COL_Player_2,Colombia,26,FWD,84,19,2,2904,40,724.9
COL_Player_3,Colombia,29,FWD,82,17,0,1320,62,373.2
COL_Player_4,Colombia,24,MID,81,1,2,2182,15,355.69
COL_Player_5,Colombia,27,MID,86,11,10,1700,21,883.82
COL_Player_6,Colombia,30,MID,81,2,6,2283,67,207.05
COL_Player_7,Colombia,28,MID,82,0,1,3427,25,333.13
COL_Player_8,Colombia,24,MID,85,13,15,2910,9,1171.1
COL_Player_9,Colombia,24,DEF,80,0,0,2435,24,320.9
COL_Player_10,Colombia,32,DEF,86,2,0,2342,29,471.84
COL_Player_11,Colombia,27,DEF,83,0,0,3205,17,479.07
COL_Player_12,Colombia,26,DEF,86,0,2,2191,14,961.84
COL_Player_13,Colombia,31,DEF,88,0,2,1934,67,1064.82
COL_Player_14,Colombia,28,GK,81,0,0,2610,47,321.74
COL_Player_15,Colombia,28,GK,84,0,0,2784,40,664.71
CRO_Player_1,Croatia,25,FWD,82,16,4,2003,18,567.77
CRO_Player_2,Croatia,25,FWD,81,11,4,2244,17,359.86
CRO_Player_3,Croatia,28,FWD,87,1,4,2988,47,1427.59
CRO_Player_4,Croatia,31,MID,78,0,19,2106,73,111.55
CRO_Player_5,Croatia,24,MID,81,1,6,2287,19,325.77
CRO_Player_6,Croatia,27,MID,80,0,2,2566,14,264.42
CRO_Player_7,Croatia,30,MID,77,2,4,1996,69,82.3
CRO_Player_8,Croatia,28,MID,84,0,7,2088,24,641.0
CRO_Player_9,Croatia,22,DEF,81,0,0,2516,10,475.18
CRO_Player_10,Croatia,29,DEF,81,0,0,2675,28,287.14
CRO_Player_11,Croatia,25,DEF,83,2,2,2185,14,699.33
CRO_Player_12,Croatia,28,DEF,83,0,0,2824,41,560.25
CRO_Player_13,Croatia,28,DEF,79,1,1,2175,21,168.04
CRO_Player_14,Croatia,23,GK,81,0,0,1882,14,361.32
CRO_Player_15,Croatia,30,GK,81,0,0,2187,23,228.59
GER_Player_1,Germany,35,FWD,80,14,4,2439,51,51.6
GER_Player_2,Germany,22,FWD,81,51,3,1620,6,416.92
GER_Player_3,Germany,28,FWD,86,4,2,2218,16,899.62
GER_Player_4,Germany,22,MID,80,4,11,2899,9,278.3
GER_Player_5,Germany,30,MID,81,8,8,1876,55,267.69
GER_Player_6,Germany,30,MID,80,9,5,3237,24,213.82
GER_Player_7,Germany,23,MID,85,0,1,2298,7,863.82
GER_Player_8,Germany,25,MID,82,1,1,2187,34,559.26
GER_Player_9,Germany,34,DEF,85,5,7,2418,43,296.84
GER_Player_10,Germany,28,DEF,79,0,0,2399,18,188.05
GER_Player_11,Germany,28,DEF,80,0,8,2986,29,196.12
GER_Player_12,Germany,27,DEF,84,1,1,2113,29,766.9
GER_Player_13,Germany,29,DEF,83,0,1,1411,59,451.63
GER_Player_14,Germany,24,GK,82,0,0,1924,22,583.19
GER_Player_15,Germany,23,GK,81,0,0,2786,9,457.15
MOR_Player_1,Morocco,29,FWD,74,4,3,1640,34,64.16
MOR_Player_2,Morocco,29,FWD,78,17,0,2063,32,112.53
MOR_Player_3,Morocco,26,FWD,78,21,0,1985,22,192.17
MOR_Player_4,Morocco,23,MID,82,0,9,2807,8,534.03
MOR_Player_5,Morocco,26,MID,82,0,0,2849,38,418.63
MOR_Player_6,Morocco,26,MID,79,0,0,2105,40,226.67
MOR_Player_7,Morocco,28,MID,79,17,23,2204,21,153.1
MOR_Player_8,Morocco,27,MID,82,2,5,1764,44,419.12
MOR_Player_9,Morocco,28,DEF,79,3,0,2522,42,204.08
MOR_Player_10,Morocco,30,DEF,80,1,3,2184,28,223.48
MOR_Player_11,Morocco,34,DEF,83,0,5,2353,67,190.06
MOR_Player_12,Morocco,22,DEF,83,0,2,2702,10,531.67
MOR_Player_13,Morocco,25,DEF,82,2,1,2917,28,466.51
MOR_Player_14,Morocco,30,GK,82,0,0,2844,58,336.53
MOR_Player_15,Morocco,25,GK,81,0,0,1685,10,370.17
URU_Player_1,Uruguay,21,FWD,76,5,0,2048,5,119.51
URU_Player_2,Uruguay,32,FWD,83,7,5,2037,61,279.74
URU_Player_3,Uruguay,24,FWD,81,5,6,1287,14,403.46
URU_Player_4,Uruguay,31,MID,82,5,21,2579,66,210.39
URU_Player_5,Uruguay,27,MID,81,10,3,2168,16,281.09
URU_Player_6,Uruguay,20,MID,80,1,11,2659,0,321.18
URU_Player_7,Uruguay,20,MID,78,0,1,2670,0,213.98
URU_Player_8,Uruguay,26,MID,77,0,5,2190,33,131.61
URU_Player_9,Uruguay,28,DEF,81,1,6,2882,17,314.86
URU_Player_10,Uruguay,26,DEF,81,0,1,1578,18,353.22
URU_Player_11,Uruguay,23,DEF,79,0,2,2647,18,210.55
URU_Player_12,Uruguay,23,DEF,86,0,2,2107,14,1441.62
URU_Player_13,Uruguay,26,DEF,81,0,0,2126,30,350.28
URU_Player_14,Uruguay,26,GK,87,0,0,1798,41,1246.06
URU_Player_15,Uruguay,32,GK,85,0,0,1923,65,526.46
USA_Player_1,USA,28,FWD,84,0,2,1692,26,537.68
USA_Player_2,USA,24,FWD,80,0,2,2550,18,321.29
USA_Player_3,USA,27,FWD,82,4,6,1595,32,504.21
USA_Player_4,USA,29,MID,85,2,0,1704,50,696.94
USA_Player_5,USA,28,MID,78,5,2,2240,34,161.64
USA_Player_6,USA,24,MID,77,19,18,2237,11,161.02
USA_Player_7,USA,31,MID,78,0,12,2312,63,115.46
USA_Player_8,USA,22,MID,78,0,19,1775,7,203.82
USA_Player_9,USA,20,DEF,86,2,1,1634,0,1506.76
USA_Player_10,USA,25,DEF,81,0,3,2484,33,379.1
USA_Player_11,USA,28,DEF,79,0,2,2081,32,179.15
USA_Player_12,USA,26,DEF,81,0,3,3432,36,428.19
USA_Player_13,USA,25,DEF,79,0,0,2464,22,237.88
USA_Player_14,USA,28,GK,80,0,0,755,33,222.24
USA_Player_15,USA,27,GK,81,0,0,1803,21,350.41
JAP_Player_1,Japan,22,FWD,81,18,2,2168,4,476.91
JAP_Player_2,Japan,27,FWD,79,3,2,2048,48,227.22
JAP_Player_3,Japan,26,FWD,78,20,0,2656,41,192.66
JAP_Player_4,Japan,18,MID,82,8,4,1614,0,439.97
JAP_Player_5,Japan,19,MID,81,0,3,2579,0,395.14
JAP_Player_6,Japan,24,MID,81,0,0,2192,18,356.9
JAP_Player_7,Japan,28,MID,80,7,0,1713,34,239.2
JAP_Player_8,Japan,24,MID,78,2,3,2935,22,191.1
JAP_Player_9,Japan,25,DEF,78,0,0,2719,27,226.73
JAP_Player_10,Japan,34,DEF,79,2,2,2216,74,73.54
JAP_Player_11,Japan,23,DEF,81,1,0,1861,13,331.99
JAP_Player_12,Japan,25,DEF,80,0,6,1526,11,346.27
JAP_Player_13,Japan,22,DEF,83,0,0,1871,10,529.6
JAP_Player_14,Japan,31,GK,82,0,0,2698,36,210.68
JAP_Player_15,Japan,23,GK,76,0,0,2950,9,106.83
SEN_Player_1,Senegal,31,FWD,81,9,2,2663,57,246.76
SEN_Player_2,Senegal,32,FWD,84,20,2,2379,68,326.89
SEN_Player_3,Senegal,22,FWD,75,4,3,2061,8,115.48
SEN_Player_4,Senegal,21,MID,82,7,13,2618,6,585.17
SEN_Player_5,Senegal,23,MID,83,5,7,2129,16,549.55
SEN_Player_6,Senegal,27,MID,80,0,1,2606,46,226.5
SEN_Player_7,Senegal,28,MID,80,5,5,1454,49,249.02
SEN_Player_8,Senegal,19,MID,80,4,14,1888,0,333.47
SEN_Player_9,Senegal,28,DEF,79,1,9,2190,25,160.3
SEN_Player_10,Senegal,31,DEF,79,0,2,1942,33,136.68
SEN_Player_11,Senegal,22,DEF,80,1,0,2927,4,347.31
SEN_Player_12,Senegal,20,DEF,77,0,4,1791,0,189.95
SEN_Player_13,Senegal,18,DEF,81,0,1,2369,0,429.26
SEN_Player_14,Senegal,30,GK,78,0,0,3307,24,123.94
SEN_Player_15,Senegal,25,GK,80,0,0,1856,24,323.9
SWI_Player_1,Switzerland,32,FWD,82,3,3,2856,72,183.22
SWI_Player_2,Switzerland,25,FWD,78,14,4,2938,29,194.75
SWI_Player_3,Switzerland,24,FWD,77,1,4,1517,16,173.43
SWI_Player_4,Switzerland,22,MID,84,6,0,2013,10,765.7
SWI_Player_5,Switzerland,30,MID,84,1,2,2971,29,386.27
SWI_Player_6,Switzerland,27,MID,75,11,0,2456,24,81.64
SWI_Player_7,Switzerland,24,MID,77,0,9,763,10,158.26
SWI_Player_8,Switzerland,32,MID,78,0,6,2583,69,74.99
SWI_Player_9,Switzerland,31,DEF,79,0,4,2098,36,117.53
SWI_Player_10,Switzerland,29,DEF,77,1,0,987,38,107.24
SWI_Player_11,Switzerland,29,DEF,81,1,6,2059,18,277.23
SWI_Player_12,Switzerland,20,DEF,78,3,0,2346,0,211.83
SWI_Player_13,Switzerland,21,DEF,81,0,0,2182,5,342.57
SWI_Player_14,Switzerland,23,GK,77,0,0,1692,18,162.37
SWI_Player_15,Switzerland,26,GK,81,0,0,2546,14,396.71
DEN_Player_1,Denmark,23,FWD,79,7,4,2651,12,247.4
DEN_Player_2,Denmark,33,FWD,77,0,6,2228,61,56.13
DEN_Player_3,Denmark,24,FWD,77,4,4,3012,11,139.78
DEN_Player_4,Denmark,25,MID,80,16,10,2169,21,256.42
DEN_Player_5,Denmark,23,MID,79,0,7,2640,13,283.55
DEN_Player_6,Denmark,31,MID,78,0,5,2381,75,94.92
DEN_Player_7,Denmark,31,MID,82,9,5,2468,43,224.96
DEN_Player_8,Denmark,30,MID,81,7,16,1926,35,217.55
DEN_Player_9,Denmark,24,DEF,80,0,1,2580,11,263.54
DEN_Player_10,Denmark,27,DEF,80,3,1,2774,31,317.07
DEN_Player_11,Denmark,31,DEF,76,0,1,2072,22,71.21
DEN_Player_12,Denmark,23,DEF,81,1,1,2048,18,431.59
DEN_Player_13,Denmark,19,DEF,79,0,3,2852,0,234.63
DEN_Player_14,Denmark,28,GK,77,0,0,1917,49,101.21
DEN_Player_15,Denmark,24,GK,78,0,0,1185,22,211.59
IRA_Player_1,Iran,20,FWD,82,7,4,2267,0,426.26
IRA_Player_2,Iran,22,FWD,82,0,4,2070,10,446.49
IRA_Player_3,Iran,24,FWD,81,14,0,2262,20,352.35
IRA_Player_4,Iran,28,MID,79,5,10,2404,50,203.5
IRA_Player_5,Iran,25,MID,81,2,4,3149,12,456.16
IRA_Player_6,Iran,18,MID,81,0,3,2365,0,325.18
IRA_Player_7,Iran,27,MID,81,9,9,1982,24,375.2
IRA_Player_8,Iran,22,MID,82,1,14,2383,12,423.52
IRA_Player_9,Iran,33,DEF,78,0,0,2025,26,74.66
IRA_Player_10,Iran,22,DEF,76,0,4,2675,11,143.63
IRA_Player_11,Iran,33,DEF,79,0,1,2115,77,108.35
IRA_Player_12,Iran,26,DEF,82,1,1,2687,13,390.07
IRA_Player_13,Iran,28,DEF,79,0,0,2700,36,185.91
IRA_Player_14,Iran,28,GK,82,0,0,3006,51,372.28
IRA_Player_15,Iran,31,GK,83,0,0,2571,35,329.72
MEX_Player_1,Mexico,25,FWD,77,12,4,2475,22,173.93
MEX_Player_2,Mexico,35,FWD,79,3,3,1096,35,41.11
MEX_Player_3,Mexico,24,FWD,77,4,1,2158,27,165.51
MEX_Player_4,Mexico,23,MID,77,0,0,2742,13,140.68
MEX_Player_5,Mexico,24,MID,80,10,3,3565,13,264.0
MEX_Player_6,Mexico,23,MID,79,2,14,2000,11,250.54
MEX_Player_7,Mexico,24,MID,75,9,3,1271,16,104.32
MEX_Player_8,Mexico,30,MID,77,6,0,2272,67,100.28
MEX_Player_9,Mexico,24,DEF,77,0,0,2371,15,134.46
MEX_Player_10,Mexico,32,DEF,77,0,0,2813,28,82.06
MEX_Player_11,Mexico,30,DEF,82,1,4,1333,20,314.25
MEX_Player_12,Mexico,27,DEF,80,2,0,1351,18,269.24
MEX_Player_13,Mexico,24,DEF,85,0,1,1957,8,937.27
MEX_Player_14,Mexico,29,GK,82,0,0,3120,56,367.05
MEX_Player_15,Mexico,23,GK,76,0,0,1652,17,123.19
SOU_Player_1,South Korea,28,FWD,80,29,0,1853,50,248.24
SOU_Player_2,South Korea,31,FWD,74,5,1,1994,60,40.16
SOU_Player_3,South Korea,22,FWD,77,12,1,2806,4,131.34
SOU_Player_4,South Korea,20,MID,76,3,3,2186,0,111.69
SOU_Player_5,South Korea,27,MID,76,0,4,2412,30,125.38
SOU_Player_6,South Korea,24,MID,78,1,1,2070,8,161.48
SOU_Player_7,South Korea,32,MID,80,12,2,2052,30,160.76
SOU_Player_8,South Korea,30,MID,79,1,22,1414,69,144.05
SOU_Player_9,South Korea,22,DEF,75,0,2,2271,9,113.35
SOU_Player_10,South Korea,19,DEF,77,0,0,1210,0,148.5
SOU_Player_11,South Korea,29,DEF,76,0,1,2319,37,82.24
SOU_Player_12,South Korea,30,DEF,83,0,1,3522,51,308.83
SOU_Player_13,South Korea,20,DEF,79,2,0,2433,0,280.38
SOU_Player_14,South Korea,27,GK,77,0,0,2388,23,153.21
SOU_Player_15,South Korea,26,GK,81,0,0,2174,29,347.99
AUS_Player_1,Australia,23,FWD,76,5,0,3768,17,129.78
AUS_Player_2,Australia,31,FWD,77,10,6,2097,64,95.37
AUS_Player_3,Australia,28,FWD,71,13,3,2005,41,32.53
AUS_Player_4,Australia,30,MID,81,1,3,1752,26,267.95
AUS_Player_5,Australia,23,MID,77,5,12,2628,6,173.73
AUS_Player_6,Australia,28,MID,77,4,10,1816,46,137.12
AUS_Player_7,Australia,27,MID,76,2,0,2187,28,99.35
AUS_Player_8,Australia,26,MID,78,0,21,1968,40,185.22
AUS_Player_9,Australia,25,DEF,82,0,0,2201,27,481.72
AUS_Player_10,Australia,22,DEF,76,1,5,2060,6,121.11
AUS_Player_11,Australia,28,DEF,74,3,1,2133,41,56.94
AUS_Player_12,Australia,23,DEF,79,0,1,1875,19,259.82
AUS_Player_13,Australia,27,DEF,75,1,3,2591,38,85.76
AUS_Player_14,Australia,22,GK,78,0,0,1283,11,181.28
AUS_Player_15,Australia,26,GK,79,0,0,1726,13,254.08
SWE_Player_1,Sweden,24,FWD,78,14,2,2762,13,167.75
SWE_Player_2,Sweden,21,FWD,76,4,4,2296,6,122.56
SWE_Player_3,Sweden,25,FWD,80,1,3,3190,34,302.02
SWE_Player_4,Sweden,31,MID,80,0,8,2244,22,175.38
SWE_Player_5,Sweden,27,MID,76,4,0,2041,41,99.83
SWE_Player_6,Sweden,26,MID,79,2,1,1945,24,218.96
SWE_Player_7,Sweden,25,MID,77,7,1,2926,30,168.46
SWE_Player_8,Sweden,30,MID,78,4,6,2388,30,109.91
SWE_Player_9,Sweden,23,DEF,76,0,2,2762,15,110.75
SWE_Player_10,Sweden,25,DEF,79,0,0,2570,19,252.78
SWE_Player_11,Sweden,24,DEF,77,0,1,1702,17,164.52
SWE_Player_12,Sweden,26,DEF,77,0,2,2557,40,134.84
SWE_Player_13,Sweden,29,DEF,79,0,2,2209,23,191.79
SWE_Player_14,Sweden,25,GK,76,0,0,2250,10,115.48
SWE_Player_15,Sweden,32,GK,75,0,0,1466,24,40.48
UKR_Player_1,Ukraine,27,FWD,78,0,4,2321,43,186.4
UKR_Player_2,Ukraine,18,FWD,75,0,2,1801,0,99.36
UKR_Player_3,Ukraine,25,FWD,82,37,4,2315,11,593.96
UKR_Player_4,Ukraine,25,MID,76,0,1,2396,15,132.06
UKR_Player_5,Ukraine,31,MID,78,1,7,2015,56,93.79
UKR_Player_6,Ukraine,28,MID,77,2,15,1655,27,130.46
UKR_Player_7,Ukraine,25,MID,78,2,7,2492,16,165.71
UKR_Player_8,Ukraine,29,MID,76,3,3,2099,38,69.99
UKR_Player_9,Ukraine,21,DEF,79,3,0,2385,3,296.55
UKR_Player_10,Ukraine,26,DEF,78,0,1,2281,19,152.22
UKR_Player_11,Ukraine,26,DEF,79,2,6,1909,39,233.08
UKR_Player_12,Ukraine,26,DEF,74,0,2,2316,33,77.95
UKR_Player_13,Ukraine,21,DEF,77,0,0,2981,2,185.51
UKR_Player_14,Ukraine,28,GK,74,0,0,2434,24,56.06
UKR_Player_15,Ukraine,29,GK,77,0,0,1763,19,106.95
TUR_Player_1,Turkey,23,FWD,78,6,1,1398,10,219.82
TUR_Player_2,Turkey,19,FWD,80,3,0,2646,0,336.04
TUR_Player_3,Turkey,23,FWD,76,1,0,2216,19,102.67
TUR_Player_4,Turkey,24,MID,79,3,4,3008,27,259.24
TUR_Player_5,Turkey,26,MID,75,11,6,1534,38,89.04
TUR_Player_6,Turkey,26,MID,81,0,6,2643,26,320.28
TUR_Player_7,Turkey,24,MID,71,7,1,2299,24,42.89
TUR_Player_8,Turkey,29,MID,80,8,5,1947,24,196.32
TUR_Player_9,Turkey,26,DEF,78,0,1,1956,12,150.86
TUR_Player_10,Turkey,22,DEF,75,0,2,2539,6,118.67
TUR_Player_11,Turkey,22,DEF,79,0,0,2431,8,272.55
TUR_Player_12,Turkey,24,DEF,78,2,3,1901,15,238.22
TUR_Player_13,Turkey,31,DEF,82,0,2,2689,26,225.94
TUR_Player_14,Turkey,28,GK,81,0,0,2525,54,247.18
TUR_Player_15,Turkey,20,GK,80,0,0,1700,0,265.95
AUS_Player_1,Austria,34,FWD,85,32,5,2643,53,304.0
AUS_Player_2,Austria,29,FWD,77,15,3,2538,49,121.01
AUS_Player_3,Austria,24,FWD,74,19,4,2589,14,86.65
AUS_Player_4,Austria,28,MID,77,1,1,1843,35,134.24
AUS_Player_5,Austria,31,MID,77,4,11,2427,34,83.95
AUS_Player_6,Austria,33,MID,77,0,11,1701,82,58.26
AUS_Player_7,Austria,25,MID,74,4,4,1693,31,71.5
AUS_Player_8,Austria,30,MID,82,9,0,2234,61,321.64
AUS_Player_9,Austria,24,DEF,74,0,0,1649,15,86.83
AUS_Player_10,Austria,23,DEF,77,0,1,1983,17,170.25
AUS_Player_11,Austria,25,DEF,78,1,2,2123,26,175.5
AUS_Player_12,Austria,32,DEF,76,0,0,1535,30,53.89
AUS_Player_13,Austria,26,DEF,81,0,0,1893,33,351.26
AUS_Player_14,Austria,23,GK,75,0,0,2674,13,90.74
AUS_Player_15,Austria,21,GK,77,0,0,2397,2,131.58
ECU_Player_1,Ecuador,26,FWD,77,10,6,2823,14,132.24
ECU_Player_2,Ecuador,29,FWD,74,4,1,1741,49,56.12
ECU_Player_3,Ecuador,25,FWD,77,14,2,3047,24,127.77
ECU_Player_4,Ecuador,20,MID,78,12,3,2482,0,226.65
ECU_Player_5,Ecuador,22,MID,77,5,17,2112,4,154.31
ECU_Player_6,Ecuador,24,MID,73,0,2,1553,22,65.96
ECU_Player_7,Ecuador,29,MID,75,8,4,2331,26,54.77
ECU_Player_8,Ecuador,23,MID,75,1,0,2541,10,98.36
ECU_Player_9,Ecuador,32,DEF,75,1,3,2319,81,49.68
ECU_Player_10,Ecuador,26,DEF,79,0,2,1818,18,253.09
ECU_Player_11,Ecuador,26,DEF,78,0,0,2095,29,173.9
ECU_Player_12,Ecuador,27,DEF,78,0,1,1897,41,150.73
ECU_Player_13,Ecuador,33,DEF,82,0,3,1816,86,165.44
ECU_Player_14,Ecuador,25,GK,77,0,0,2193,17,158.66
ECU_Player_15,Ecuador,23,GK,75,0,0,2921,15,90.41
POL_Player_1,Poland,25,FWD,76,2,5,2370,11,141.71
POL_Player_2,Poland,23,FWD,77,4,4,1370,10,160.74
POL_Player_3,Poland,21,FWD,73,7,5,2072,6,74.52
POL_Player_4,Poland,22,MID,73,11,6,2732,9,53.07
POL_Player_5,Poland,18,MID,73,4,5,2207,0,72.15
POL_Player_6,Poland,25,MID,80,0,7,1681,25,275.66
POL_Player_7,Poland,29,MID,77,0,0,3072,25,93.36
POL_Player_8,Poland,25,MID,77,0,1,1491,18,159.71
POL_Player_9,Poland,28,DEF,76,0,6,1903,25,100.13
POL_Player_10,Poland,18,DEF,80,0,2,2200,0,341.8
POL_Player_11,Poland,21,DEF,79,0,0,2079,5,261.8
POL_Player_12,Poland,25,DEF,74,1,0,2133,13,76.0
POL_Player_13,Poland,27,DEF,70,1,0,2329,14,26.29
POL_Player_14,Poland,34,GK,79,0,0,2822,76,63.39
POL_Player_15,Poland,27,GK,77,0,0,2369,30,124.27
NIG_Player_1,Nigeria,25,FWD,80,23,3,2711,14,262.56
NIG_Player_2,Nigeria,31,FWD,75,1,5,1076,71,61.74
NIG_Player_3,Nigeria,27,FWD,75,2,3,2873,16,100.71
NIG_Player_4,Nigeria,19,MID,78,1,3,1897,0,165.11
NIG_Player_5,Nigeria,18,MID,78,0,1,2837,0,212.43
NIG_Player_6,Nigeria,25,MID,76,5,5,2428,30,104.06
NIG_Player_7,Nigeria,32,MID,78,2,1,2594,72,93.8
NIG_Player_8,Nigeria,31,MID,78,0,15,2298,31,114.13
NIG_Player_9,Nigeria,27,DEF,80,0,2,2735,45,229.13
NIG_Player_10,Nigeria,33,DEF,76,0,0,2014,43,40.64
NIG_Player_11,Nigeria,21,DEF,76,0,2,2651,2,119.99
NIG_Player_12,Nigeria,28,DEF,79,0,2,2285,47,172.89
NIG_Player_13,Nigeria,28,DEF,73,1,0,1752,23,49.78
NIG_Player_14,Nigeria,29,GK,73,0,0,1851,54,47.68
NIG_Player_15,Nigeria,28,GK,77,0,0,1930,30,117.19
EGY_Player_1,Egypt,27,FWD,72,5,5,2048,15,48.64
EGY_Player_2,Egypt,29,FWD,75,8,3,2522,62,70.09
EGY_Player_3,Egypt,29,FWD,77,72,1,2077,56,87.18
EGY_Player_4,Egypt,31,MID,74,1,3,2867,53,36.88
EGY_Player_5,Egypt,28,MID,78,7,6,3210,40,156.55
EGY_Player_6,Egypt,33,MID,75,1,2,2096,51,42.17
EGY_Player_7,Egypt,28,MID,72,15,3,2270,55,42.73
EGY_Player_8,Egypt,29,MID,80,2,7,2479,20,230.31
EGY_Player_9,Egypt,25,DEF,76,1,2,1561,27,114.58
EGY_Player_10,Egypt,28,DEF,73,0,2,2676,39,47.09
EGY_Player_11,Egypt,28,DEF,77,1,3,2865,43,142.66
EGY_Player_12,Egypt,22,DEF,83,0,1,2275,8,574.68
EGY_Player_13,Egypt,29,DEF,71,0,1,2756,20,22.57
EGY_Player_14,Egypt,30,GK,76,0,0,2414,64,80.34
EGY_Player_15,Egypt,25,GK,75,0,0,2305,28,91.46
TUN_Player_1,Tunisia,27,FWD,76,22,3,1957,30,87.43
TUN_Player_2,Tunisia,25,FWD,74,1,3,1425,11,72.08
TUN_Player_3,Tunisia,20,FWD,74,1,1,1819,0,67.67
TUN_Player_4,Tunisia,23,MID,72,0,0,1993,16,56.31
TUN_Player_5,Tunisia,22,MID,75,3,4,1775,7,85.49
TUN_Player_6,Tunisia,27,MID,82,3,2,2159,19,418.95
TUN_Player_7,Tunisia,23,MID,78,2,4,1925,6,217.48
TUN_Player_8,Tunisia,33,MID,78,7,2,2060,76,72.92
TUN_Player_9,Tunisia,29,DEF,75,0,1,1497,51,77.2
TUN_Player_10,Tunisia,30,DEF,75,0,1,2078,40,66.3
TUN_Player_11,Tunisia,25,DEF,80,1,0,3012,22,322.89
TUN_Player_12,Tunisia,32,DEF,73,0,0,1896,32,25.3
TUN_Player_13,Tunisia,24,DEF,74,3,1,2616,26,68.09
TUN_Player_14,Tunisia,31,GK,74,0,0,2789,42,34.48
TUN_Player_15,Tunisia,27,GK,74,0,0,2441,37,59.26
ALG_Player_1,Algeria,28,FWD,74,1,5,2814,25,66.41
ALG_Player_2,Algeria,25,FWD,72,0,5,2186,18,40.9
ALG_Player_3,Algeria,22,FWD,74,11,0,1139,6,87.71
ALG_Player_4,Algeria,26,MID,72,3,23,2785,24,51.08
ALG_Player_5,Algeria,25,MID,74,3,7,1644,22,79.75
ALG_Player_6,Algeria,24,MID,75,3,1,1423,8,113.57
ALG_Player_7,Algeria,25,MID,76,0,3,1753,17,141.07
ALG_Player_8,Algeria,31,MID,74,5,0,2571,28,44.24
ALG_Player_9,Algeria,26,DEF,74,1,1,2116,12,81.12
ALG_Player_10,Algeria,23,DEF,72,3,2,2547,6,58.8
ALG_Player_11,Algeria,20,DEF,72,2,4,2773,0,54.91
ALG_Player_12,Algeria,22,DEF,73,0,2,1655,13,68.3
ALG_Player_13,Algeria,21,DEF,75,0,3,1800,3,117.42
ALG_Player_14,Algeria,24,GK,72,0,0,1652,26,41.33
ALG_Player_15,Algeria,27,GK,75,0,0,2442,31,75.49
CAM_Player_1,Cameroon,34,FWD,74,7,5,2283,80,25.07
CAM_Player_2,Cameroon,22,FWD,79,25,6,1646,8,228.24
CAM_Player_3,Cameroon,24,FWD,74,2,4,3056,14,72.7
CAM_Player_4,Cameroon,19,MID,75,2,0,2655,0,84.66
CAM_Player_5,Cameroon,26,MID,78,10,12,1776,31,188.45
CAM_Player_6,Cameroon,29,MID,76,1,0,2138,35,96.79
CAM_Player_7,Cameroon,26,MID,72,15,0,3405,15,38.13
CAM_Player_8,Cameroon,32,MID,76,4,5,2328,25,46.6
CAM_Player_9,Cameroon,21,DEF,76,4,0,2122,6,149.55
CAM_Player_10,Cameroon,19,DEF,73,0,2,2478,0,62.03
CAM_Player_11,Cameroon,21,DEF,76,1,3,1426,3,124.75
CAM_Player_12,Cameroon,21,DEF,71,0,0,1440,6,33.2
CAM_Player_13,Cameroon,18,DEF,74,1,3,2475,0,75.77
CAM_Player_14,Cameroon,19,GK,74,0,0,2295,0,67.32
CAM_Player_15,Cameroon,28,GK,74,0,0,2217,35,58.14
CAN_Player_1,Canada,28,FWD,72,4,3,2285,54,36.84
CAN_Player_2,Canada,27,FWD,72,5,3,1884,46,42.95
CAN_Player_3,Canada,30,FWD,74,4,1,1845,60,40.15
CAN_Player_4,Canada,22,MID,70,4,0,2011,10,30.3
CAN_Player_5,Canada,25,MID,72,3,0,2053,31,50.17
CAN_Player_6,Canada,27,MID,74,9,3,2932,46,70.19
CAN_Player_7,Canada,24,MID,80,5,12,2375,16,271.51
CAN_Player_8,Canada,27,MID,78,2,3,2527,43,195.43
CAN_Player_9,Canada,24,DEF,81,0,0,867,14,324.74
CAN_Player_10,Canada,32,DEF,73,1,3,2873,44,32.72
CAN_Player_11,Canada,24,DEF,75,1,0,2031,21,117.54
CAN_Player_12,Canada,28,DEF,72,0,1,2036,24,36.83
CAN_Player_13,Canada,25,DEF,78,0,0,1962,32,167.62
CAN_Player_14,Canada,22,GK,76,0,0,2013,6,101.91
CAN_Player_15,Canada,24,GK,73,0,0,2146,8,64.96
COS_Player_1,Costa Rica,25,FWD,74,0,2,2702,24,64.83
COS_Player_2,Costa Rica,19,FWD,78,9,5,1689,0,181.29
COS_Player_3,Costa Rica,25,FWD,76,0,6,2065,23,141.28
COS_Player_4,Costa Rica,23,MID,73,10,0,2620,18,61.84
COS_Player_5,Costa Rica,25,MID,67,2,2,2012,18,13.7
COS_Player_6,Costa Rica,31,MID,75,0,0,1622,63,47.18
COS_Player_7,Costa Rica,19,MID,73,1,3,2279,0,55.36
COS_Player_8,Costa Rica,21,MID,76,9,2,1466,6,112.3
COS_Player_9,Costa Rica,24,DEF,77,1,1,2457,21,136.7
COS_Player_10,Costa Rica,23,DEF,78,0,0,2646,16,238.84
COS_Player_11,Costa Rica,33,DEF,73,0,1,2556,56,22.06
COS_Player_12,Costa Rica,29,DEF,70,0,5,2311,56,23.13
COS_Player_13,Costa Rica,31,DEF,72,0,4,1861,64,21.92
COS_Player_14,Costa Rica,29,GK,76,0,0,3033,32,91.65
COS_Player_15,Costa Rica,32,GK,76,0,0,3090,49,50.43
PAN_Player_1,Panama,23,FWD,76,3,6,2547,16,111.73
PAN_Player_2,Panama,30,FWD,75,6,3,1142,22,70.29
PAN_Player_3,Panama,24,FWD,69,0,1,3155,8,25.6
PAN_Player_4,Panama,24,MID,72,13,0,3011,21,57.94
PAN_Player_5,Panama,33,MID,72,3,1,2200,31,21.05
PAN_Player_6,Panama,22,MID,73,1,2,2255,11,68.09
PAN_Player_7,Panama,27,MID,77,1,0,2780,47,120.99
PAN_Player_8,Panama,28,MID,71,3,0,2782,41,33.02
PAN_Player_9,Panama,21,DEF,69,0,3,2554,2,29.32
PAN_Player_10,Panama,23,DEF,75,1,3,1551,12,84.73
PAN_Player_11,Panama,23,DEF,74,3,1,2049,18,79.89
PAN_Player_12,Panama,26,DEF,72,0,0,2058,23,41.32
PAN_Player_13,Panama,24,DEF,74,2,10,2337,18,82.06
PAN_Player_14,Panama,24,GK,77,0,0,2802,14,152.32
PAN_Player_15,Panama,30,GK,72,0,0,2000,51,25.6
JAM_Player_1,Jamaica,33,FWD,76,16,3,2741,71,49.5
JAM_Player_2,Jamaica,22,FWD,75,1,8,1692,4,114.0
JAM_Player_3,Jamaica,25,FWD,73,0,9,1878,34,64.14
JAM_Player_4,Jamaica,27,MID,72,1,3,2198,33,47.49
JAM_Player_5,Jamaica,24,MID,71,3,6,2617,14,44.75
JAM_Player_6,Jamaica,32,MID,75,4,1,2451,45,38.54
JAM_Player_7,Jamaica,33,MID,76,1,0,2078,27,50.15
JAM_Player_8,Jamaica,22,MID,77,2,9,2539,10,155.58
JAM_Player_9,Jamaica,25,DEF,73,3,0,2029,24,52.04
JAM_Player_10,Jamaica,26,DEF,69,1,12,1623,16,22.66
JAM_Player_11,Jamaica,20,DEF,69,0,2,1522,0,20.71
JAM_Player_12,Jamaica,28,DEF,74,0,1,1358,22,62.34
JAM_Player_13,Jamaica,22,DEF,73,1,0,1717,5,51.95
JAM_Player_14,Jamaica,34,GK,77,0,0,2752,89,45.74
JAM_Player_15,Jamaica,24,GK,72,0,0,2239,19,58.3
SAU_Player_1,Saudi Arabia,20,FWD,72,0,7,1507,0,41.71
SAU_Player_2,Saudi Arabia,31,FWD,74,3,6,2416,26,45.99
SAU_Player_3,Saudi Arabia,27,FWD,73,10,4,933,18,54.71
SAU_Player_4,Saudi Arabia,27,MID,75,6,9,1905,30,67.94
SAU_Player_5,Saudi Arabia,29,MID,73,1,0,1665,46,44.61
SAU_Player_6,Saudi Arabia,25,MID,76,2,0,2362,15,142.03
SAU_Player_7,Saudi Arabia,31,MID,76,6,6,1920,52,72.91
SAU_Player_8,Saudi Arabia,20,MID,78,3,6,2751,0,177.22
SAU_Player_9,Saudi Arabia,33,DEF,77,0,2,2477,60,47.47
SAU_Player_10,Saudi Arabia,21,DEF,73,0,0,2343,2,51.77
SAU_Player_11,Saudi Arabia,18,DEF,68,0,1,2030,0,16.46
SAU_Player_12,Saudi Arabia,26,DEF,72,2,1,3251,28,54.59
SAU_Player_13,Saudi Arabia,28,DEF,72,0,0,2610,19,32.35
SAU_Player_14,Saudi Arabia,20,GK,74,0,0,2359,0,94.99
SAU_Player_15,Saudi Arabia,26,GK,73,0,0,1693,28,48.22
QAT_Player_1,Qatar,22,FWD,78,6,4,2453,8,217.78
QAT_Player_2,Qatar,22,FWD,69,0,4,1932,6,26.9
QAT_Player_3,Qatar,21,FWD,80,0,2,1543,6,351.95
QAT_Player_4,Qatar,26,MID,73,2,1,2450,18,69.15
QAT_Player_5,Qatar,24,MID,76,3,12,1761,16,141.21
QAT_Player_6,Qatar,23,MID,74,3,1,1717,12,80.06
QAT_Player_7,Qatar,32,MID,72,2,1,1613,64,20.8
QAT_Player_8,Qatar,32,MID,78,2,5,2539,33,90.26
QAT_Player_9,Qatar,23,DEF,73,0,0,2119,17,68.02
QAT_Player_10,Qatar,31,DEF,74,0,1,1934,62,35.24
QAT_Player_11,Qatar,20,DEF,74,0,1,3455,0,72.62
QAT_Player_12,Qatar,28,DEF,74,0,0,1105,22,63.4
QAT_Player_13,Qatar,31,DEF,76,0,3,2225,32,67.48
QAT_Player_14,Qatar,27,GK,76,0,0,2360,42,102.77
QAT_Player_15,Qatar,27,GK,70,0,0,2343,23,23.36
IRA_Player_1,Iraq,23,FWD,70,4,7,1588,14,26.33
IRA_Player_2,Iraq,20,FWD,73,2,6,2791,0,70.63
IRA_Player_3,Iraq,35,FWD,69,5,2,2703,79,5.79
IRA_Player_4,Iraq,25,MID,74,0,5,1633,15,79.43
IRA_Player_5,Iraq,29,MID,75,2,0,2592,32,80.96
IRA_Player_6,Iraq,28,MID,73,6,4,2152,28,51.63
IRA_Player_7,Iraq,28,MID,74,3,0,1789,45,60.48
IRA_Player_8,Iraq,23,MID,69,5,0,1783,15,24.17
IRA_Player_9,Iraq,24,DEF,73,1,4,2237,15,71.83
IRA_Player_10,Iraq,20,DEF,70,0,0,2695,0,28.44
IRA_Player_11,Iraq,24,DEF,72,1,2,2558,25,43.04
IRA_Player_12,Iraq,27,DEF,73,0,1,1676,37,56.09
IRA_Player_13,Iraq,26,DEF,75,0,6,1892,37,85.7
IRA_Player_14,Iraq,31,GK,75,0,0,2608,66,61.27
IRA_Player_15,Iraq,24,GK,74,0,0,1839,22,85.08
UZB_Player_1,Uzbekistan,28,FWD,72,0,3,3103,22,43.41
UZB_Player_2,Uzbekistan,22,FWD,72,3,5,1774,12,50.34
UZB_Player_3,Uzbekistan,23,FWD,78,21,2,2357,18,226.57
UZB_Player_4,Uzbekistan,31,MID,75,8,3,2666,41,43.94
UZB_Player_5,Uzbekistan,25,MID,75,1,8,2926,16,91.93
UZB_Player_6,Uzbekistan,24,MID,76,0,5,1482,10,149.85
UZB_Player_7,Uzbekistan,21,MID,73,8,2,1133,4,63.29
UZB_Player_8,Uzbekistan,25,MID,72,3,1,1888,26,48.56
UZB_Player_9,Uzbekistan,28,DEF,74,0,0,2734,32,66.46
UZB_Player_10,Uzbekistan,18,DEF,73,5,1,1971,0,73.71
UZB_Player_11,Uzbekistan,25,DEF,72,0,4,1525,15,57.01
UZB_Player_12,Uzbekistan,23,DEF,74,0,2,1702,7,93.06
UZB_Player_13,Uzbekistan,25,DEF,67,0,2,2289,19,13.38
UZB_Player_14,Uzbekistan,31,GK,72,0,0,2251,40,25.48
UZB_Player_15,Uzbekistan,34,GK,73,0,0,2188,61,21.11
IVO_Player_1,Ivory Coast,23,FWD,75,24,2,2851,14,80.28
IVO_Player_2,Ivory Coast,21,FWD,71,2,1,1805,6,35.57
IVO_Player_3,Ivory Coast,19,FWD,74,2,0,2156,0,66.94
IVO_Player_4,Ivory Coast,22,MID,70,0,4,1754,7,26.85
IVO_Player_5,Ivory Coast,27,MID,74,0,9,1966,33,59.97
IVO_Player_6,Ivory Coast,25,MID,73,0,2,1880,31,69.9
IVO_Player_7,Ivory Coast,23,MID,70,3,0,1468,11,34.04
IVO_Player_8,Ivory Coast,24,MID,70,6,4,2281,18,33.46
IVO_Player_9,Ivory Coast,21,DEF,72,0,0,1828,4,59.25
IVO_Player_10,Ivory Coast,25,DEF,73,0,0,2401,11,74.4
IVO_Player_11,Ivory Coast,24,DEF,76,0,0,1917,14,108.07
IVO_Player_12,Ivory Coast,27,DEF,75,0,0,1499,42,77.74
IVO_Player_13,Ivory Coast,31,DEF,73,0,0,1657,66,28.83
IVO_Player_14,Ivory Coast,23,GK,70,0,0,1707,15,32.9
IVO_Player_15,Ivory Coast,31,GK,71,0,0,2466,47,23.19
GHA_Player_1,Ghana,25,FWD,74,0,1,2773,27,65.32
GHA_Player_2,Ghana,21,FWD,74,0,3,1805,3,66.4
GHA_Player_3,Ghana,22,FWD,72,13,5,1796,7,51.05
GHA_Player_4,Ghana,27,MID,75,0,0,1651,32,97.99
GHA_Player_5,Ghana,20,MID,70,5,2,2795,0,36.44
GHA_Player_6,Ghana,20,MID,72,10,1,2167,0,46.95
GHA_Player_7,Ghana,28,MID,67,3,4,2118,52,13.55
GHA_Player_8,Ghana,23,MID,67,1,4,2896,18,18.64
GHA_Player_9,Ghana,29,DEF,73,0,1,2389,35,45.89
GHA_Player_10,Ghana,32,DEF,71,1,0,1492,45,19.26
GHA_Player_11,Ghana,27,DEF,75,0,6,1777,30,91.23
GHA_Player_12,Ghana,26,DEF,74,2,1,2026,26,79.14
GHA_Player_13,Ghana,20,DEF,72,0,7,2031,0,44.95
GHA_Player_14,Ghana,30,GK,73,0,0,2535,47,32.61
GHA_Player_15,Ghana,32,GK,74,0,0,2580,82,35.98
CHI_Player_1,Chile,31,FWD,69,11,3,1813,25,14.71
CHI_Player_2,Chile,20,FWD,76,23,5,2015,0,105.15
CHI_Player_3,Chile,28,FWD,73,2,5,1782,23,48.63
CHI_Player_4,Chile,22,MID,73,0,1,2405,6,64.6
CHI_Player_5,Chile,29,MID,73,10,2,2158,50,38.77
CHI_Player_6,Chile,25,MID,70,3,2,2929,23,27.4
CHI_Player_7,Chile,20,MID,72,0,3,2262,0,52.59
CHI_Player_8,Chile,25,MID,78,1,5,1939,23,175.39
CHI_Player_9,Chile,28,DEF,72,0,0,1787,42,38.98
CHI_Player_10,Chile,28,DEF,71,0,0,2185,52,33.13
CHI_Player_11,Chile,24,DEF,73,0,2,2083,8,62.72
CHI_Player_12,Chile,35,DEF,73,0,1,1842,47,10.47
CHI_Player_13,Chile,24,DEF,76,0,0,2214,9,102.55
CHI_Player_14,Chile,30,GK,71,0,0,2169,33,23.14
CHI_Player_15,Chile,24,GK,76,0,0,3121,14,116.6
PAR_Player_1,Paraguay,25,FWD,70,7,4,2708,12,34.16
PAR_Player_2,Paraguay,29,FWD,68,3,2,2678,38,12.58
PAR_Player_3,Paraguay,29,FWD,72,3,2,1584,45,38.88
PAR_Player_4,Paraguay,29,MID,79,0,23,1830,22,162.4
PAR_Player_5,Paraguay,27,MID,73,0,2,2297,34,58.65
PAR_Player_6,Paraguay,30,MID,71,9,2,1704,52,20.36
PAR_Player_7,Paraguay,24,MID,72,1,0,2348,21,55.26
PAR_Player_8,Paraguay,20,MID,71,0,1,2005,0,39.31
PAR_Player_9,Paraguay,25,DEF,73,0,0,1850,20,51.35
PAR_Player_10,Paraguay,31,DEF,71,0,1,2769,70,24.12
PAR_Player_11,Paraguay,25,DEF,69,0,0,2910,33,27.14
PAR_Player_12,Paraguay,28,DEF,70,0,0,2875,45,21.94
PAR_Player_13,Paraguay,29,DEF,71,0,4,2321,54,23.61
PAR_Player_14,Paraguay,30,GK,70,0,0,3014,39,19.79
PAR_Player_15,Paraguay,25,GK,71,0,0,1254,14,37.5
PER_Player_1,Peru,24,FWD,71,10,4,1652,19,42.43
PER_Player_2,Peru,32,FWD,70,3,3,2249,48,13.18
PER_Player_3,Peru,26,FWD,72,12,5,3019,27,51.6
PER_Player_4,Peru,26,MID,74,1,10,1817,26,78.84
PER_Player_5,Peru,26,MID,66,0,5,2859,38,11.85
PER_Player_6,Peru,19,MID,72,7,1,2003,0,43.96
PER_Player_7,Peru,23,MID,71,0,1,2954,9,46.82
PER_Player_8,Peru,21,MID,71,2,3,1713,6,47.51
PER_Player_9,Peru,30,DEF,71,0,0,1646,50,26.6
PER_Player_10,Peru,25,DEF,74,0,0,2046,23,91.74
PER_Player_11,Peru,29,DEF,73,0,1,2291,61,39.11
PER_Player_12,Peru,20,DEF,73,0,13,1803,0,51.86
PER_Player_13,Peru,27,DEF,71,0,0,1613,31,27.92
PER_Player_14,Peru,25,GK,72,0,0,2039,24,58.33
PER_Player_15,Peru,26,GK,70,0,0,1378,32,31.81
NEW_Player_1,New Zealand,34,FWD,77,2,9,2179,56,39.54
NEW_Player_2,New Zealand,33,FWD,72,23,0,2877,59,20.01
NEW_Player_3,New Zealand,24,FWD,68,2,3,2955,14,22.3
NEW_Player_4,New Zealand,19,MID,73,1,0,2282,0,63.21
NEW_Player_5,New Zealand,34,MID,72,7,0,2171,67,14.42
NEW_Player_6,New Zealand,27,MID,74,1,0,2698,39,65.6
NEW_Player_7,New Zealand,25,MID,73,2,1,2054,34,63.75
NEW_Player_8,New Zealand,22,MID,73,0,0,1520,11,60.23
NEW_Player_9,New Zealand,22,DEF,66,0,7,2149,5,12.14
NEW_Player_10,New Zealand,34,DEF,67,0,2,1810,96,4.82
NEW_Player_11,New Zealand,27,DEF,70,1,0,2292,34,30.19
NEW_Player_12,New Zealand,20,DEF,71,3,0,2803,0,35.02
NEW_Player_13,New Zealand,20,DEF,68,0,0,2263,0,19.24
NEW_Player_14,New Zealand,22,GK,73,0,0,1884,7,60.34
NEW_Player_15,New Zealand,29,GK,71,0,0,1967,30,27.14
